uid,title,year,authors,keywords
WOS:000611881900002,The Effectiveness of Helping Skills Training for Undergraduate Students: Changes in Ethnocultural Empathy,2020,"['Lu, Yun', 'Hill, Clara E.', 'Hancock, Gregory R.', 'Keum, Brian Taehyuk']","['helping skills training', 'ethnocultural empathy', 'racial minorities', 'gender difference']"
WOS:000685211100007,Power-law behavior of transcription factor dynamics at the single-molecule level implies a continuum affinity model,2021,"['Garcia, David A.', 'Fettweis, Gregory', 'Presman, Diego M.', 'Paakinaho, Ville', 'Jarzynski, Christopher', 'Upadhyaya, Arpita', 'Hager, Gordon L.']",[]
WOS:000640931200004,Pyrolysis and piloted ignition of thermally thick PMMA exposed to constant thermal radiation in cross forced airflow,2021,"['Lai, Dimeng', 'Gong, Junhui', 'Zhou, Xiaodong', 'Ju, Xiaoyu', 'Zheng, Yuan', 'Yang, Lizhong', 'Peng, Fei']","['Piloted ignition', 'PMMA', 'Pyrolysis', 'Air flow velocity', 'Constant heat flux']"
WOS:000637965700001,Efficient production of aromatics by catalytic pyrolysis of fruit waste over zeolites with 3D pore topologies,2021,"['He, Yao', 'Chen, Junjie', 'Li, Didi', 'Zhang, Qian', 'Liu, Dongxia', 'Liu, Jingyong', 'Ma, Xiaoqian', 'Wang, Tiejun']","['Catalytic pyrolysis', 'Fruit waste', 'Zeolite', 'Pore topology', 'Aromatic compound']"
WOS:000626502700081,Ultrathin and Ultrasensitive Printed Carbon Nanotube-Based Temperature Sensors Capable of Repeated Uses on Surfaces of Widely Varying Curvatures and Wettabilities,2021,"['Zhao, Beihan', 'Sivasankar, Vishal Sankar', 'Dasgupta, Abhijit', 'Das, Siddhartha']","['carbon nanotubes', 'temperature sensors', 'graphene oxide', 'additive manufacturing', 'ultrasensitive', 'hydrophobic']"
WOS:000614476500001,Risk perception and COVID-19 preventive behaviors: application of the integrative model of behavioral prediction,2024,"['Duong, Hue Trong', 'Nguyen, Hoa Thanh', 'McFarlane, Soroya Julian', 'Nguyen, Long Thang Van']","['COVID-19', 'risk perception', 'face mask', 'social distancing', 'integrative model']"
WOS:000610551800003,Blade Structural Load/Airload Correlation on a Slowed Mach-Scaled Rotor at High Advance Ratios,2020,"['Wang, Xing', 'Jung, Yong Su', 'Baeder, James', 'Chopra, Inderjit']",[]
WOS:000610099000035,A microneedle platform for buccal macromolecule delivery,2021,"['Caffarel-Salvador, Ester', 'Kim, Soyoung', 'Soares, Vance', 'Tian, Ryan Yu', 'Stern, Sarah R.', 'Minahan, Daniel', 'Yona, Raissa', 'Lu, Xiaoya', 'Zakaria, Fauziah R.', 'Collins, Joy', 'Wainer, Jacob', 'Wong, Jessica', 'McManus, Rebecca', 'Tamang, Siddartha', 'McDonnell, Shane', 'Ishida, Keiko', 'Hayward, Alison', 'Liu, Xiewen', 'Hubalek, Frantisek', 'Fels, Johannes', 'Vegge, Andreas', 'Frederiksen, Morten Revsgaard', 'Rahbek, Ulrik', 'Yoshitake, Tadayuki', 'Fujimoto, James', 'Roxhed, Niclas', 'Langer, Robert', 'Traverso, Giovanni']",[]
WOS:000629151900027,Rheological Properties of Cartilage Glycosaminoglycans and Proteoglycans,2021,"['Horkay, Ferenc', 'Douglas, Jack F.', 'Raghavan, Srinivasa R.']",[]
WOS:000619171500001,An optimized genetically encoded dual reporter for simultaneous ratio imaging of Ca<SUP>2+</SUP> and H<SUP>+</SUP> reveals new insights into ion signaling in plants,2021,"['Li, Kunkun', 'Prada, Juan', 'Damineli, Daniel S. C.', 'Liese, Anja', 'Romeis, Tina', 'Dandekar, Thomas', 'Feijo, Jose A.', 'Hedrich, Rainer', 'Konrad, Kai Robert']","['abscisic acid (ABA)', 'calcium', 'flg22', 'guard cells', 'imaging', 'ion signaling', 'pH', 'pollen tube']"
WOS:000694880200002,Automatic detection and classification of low-level orographic precipitation processes from space-borne radars using machine learning,2021,"['Arulraj, Malarvizhi', 'Barros, Ana P.']","['Precipitation detection', 'Orographic precipitation', 'Convolution neural network', 'Global precipitation measurement mission', 'Precipitation radar', 'Machine learning']"
WOS:000648998800043,"X-ray analysis of SDSS J165202.60+172852.4, an obscured quasar with outflows at peak galaxy formation epoch",2021,"['Ishikawa, Yuzo', 'Goulding, Andy D.', 'Zakamska, Nadia L.', 'Hamann, Fred', 'Vayner, Andrey', 'Veilleux, Sylvain', 'Wylezalek, Dominika']","['galaxies: active', 'galaxies: evolution', 'quasars: general', 'X-rays: galaxies']"
WOS:000620021300001,Optimal Protocols in Quantum Annealing and Quantum Approximate Optimization Algorithm Problems,2021,"['Brady, Lucas T.', 'Baldwin, Christopher L.', 'Bapat, Aniruddha', 'Kharkov, Yaroslav', 'Gorshkov, Alexey, V']",[]
WOS:000656920900002,"Review Article Containing SARS-CoV-2 in hospitals facing finite PPE, limited testing, and physical space variability: Navigating resource constrained enhanced traffic control",2021,"['De Georgeo, Michael R.', 'De Georgeo, Julia M.', 'Egan, Toby M.', 'Klee, Kristi P.', 'Schwemm, Michael S.', 'Bye-Kollbaum, Heather', 'Kinser, Andrew J.']","['Enhanced traffic control bundling', 'COVID-19', 'Health care workers', 'Nosocomial infection control', 'Pandemic', 'Mitigation']"
WOS:000613108900034,Monogamy in a Moment: How do Brief Social Interactions Change Over Time in Pair-Bonded Zebra Finches (<i>Taeniopygia guttata</i>)?,2020,"['Prior, Nora H.', 'Smith, Edward', 'Dooling, Robert J.', 'Ball, Gregory F.']",[]
WOS:000614235200004,The impact of end-user market integration and the smart grid on electricity retailers in the Nordic region,2020,"['Ilieva, Iliana', 'Gabriel, Steven A.']","['market integration', 'electricity retail competition', 'smart grid', 'mixed complementarity problem']"
WOS:000613334500009,Study of Antarctic Blowing Snow Storms Using MODIS and CALIOP Observations With a Machine Learning Model,2021,"['Yang, Yuekui', 'Anderson, Adam', 'Kiv, Daniel', 'Germann, Justin', 'Fuchs, Maya', 'Palm, Stephen', 'Wang, Tao']","['Antarctica', 'Blowing snow', 'CALIPSO', 'Machine Learning', 'MODIS']"
WOS:000614942600001,The Role of Minerals in Events That Led to the Origin of Life,2021,"['Ertem, Gozen']","['Mars', 'Radiation effect', 'Mineral catalysis', 'RNA', 'Origin of life']"
WOS:000614279900001,The influence of social motivation on neural correlates of cognitive control in girls,2021,"['Barker, Tyson V.', 'Buzzell, George A.', 'Troller-Renfree, Sonya V.', 'Bowman, Lindsay C.', 'Pine, Daniel S.', 'Fox, Nathan A.']",[]
WOS:000612579300001,Identification of LiH and nanocrystalline LiF in the solid-electrolyte interphase of lithium metal anodes,2021,"['Shadike, Zulipiya', 'Lee, Hongkyung', 'Borodin, Oleg', 'Cao, Xia', 'Fan, Xiulin', 'Wang, Xuelong', 'Lin, Ruoqian', 'Bak, Seong-Min', 'Ghose, Sanjit', 'Xu, Kang', 'Wang, Chunsheng', 'Liu, Jun', 'Xiao, Jie', 'Yang, Xiao-Qing', 'Hu, Enyuan']",[]
WOS:000612678900003,Estimation of Tail Probabilities by Repeated Augmented Reality,2021,"['Kedem, Benjamin', 'Pyne, Saumyadipta']","['Repeated out of sample fusion', 'Density ratio model', 'Residential radon', 'Upper bounds', 'Iterative process', 'B-curve']"
WOS:000613951000016,Heterogeneity of Seismic Wave Velocity in Earth's Mantle,2020,"['Ritsema, Jeroen', 'Lekic, Vedran']","['seismology', 'deep mantle', 'tomography', 'geodynamics']"
WOS:000615919100016,Modeling the kinetics of manure-borne fecal indicator removal in runoff,2020,"['Stocker, M. D.', 'Hill, R. L.', 'Pachepsky, Y. A.']",[]
WOS:000613504900008,Objective Assessment of Speech Intelligibility in Crowded Public Spaces,2020,"['Brungart, Douglas S.', 'Barrett, Mary E.', 'Cohen, Julie I.', 'Fodor, Calli', 'Yancey, Calli M.', 'Gordon-Salant, Sandra']","['Ecological validity', 'Real-World Intelligibility']"
WOS:000613940200015,All Children Thrive: Integration of Nutrition and Early Childhood Development,2020,"['Black, Maureen M.', 'Trude, Angela C. B.', 'Lutter, Chessa K.']","['early child development', 'equity', 'nurturing care', 'nutrition', 'thrive', 'infant', 'toddler']"
WOS:000613260500001,"Highly Durable, Surface Modified SOFCs Running on Hydrocarbon Fuels at 600 °C",2020,"['Hussain, A. Mohammed', 'Robinson, Ian A.', 'Huang, Yi-Lin', 'Pan, Ke-Ji', 'Wachsman, Eric D.']",[]
WOS:000613951000013,Plate Tectonics and the Archean Earth,2020,"['Brown, Michael', 'Johnson, Tim', 'Gardiner, Nicholas J.']","['tectonic mode', 'subduction', 'plume', 'metamorphism', 'mantle TP', 'geochemistry']"
WOS:000638275500003,Comparison of particulate-matter emissions from liquid-fueled pool fires and fire whirls,2021,"['Hariharan, Sriram Bharath', 'Farahani, Hamed Farmahini', 'Rangwala, Ali S.', 'Dowling, Joseph L.', 'Oran, Elaine S.', 'Gollner, Michael J.']","['In-situ burning', 'Emissions', 'Particulate matter', 'Emission factor', 'fire whirl']"
WOS:000620431500002,A tidal disruption event coincident with a high-energy neutrino,2021,"['Stein, Robert', 'Velzen, Sjoert van', 'Kowalski, Marek', 'Franckowiak, Anna', 'Gezari, Suvi', 'Miller-Jones, James C. A.', 'Frederick, Sara', 'Sfaradi, Itai', 'Bietenholz, Michael F.', 'Horesh, Assaf', 'Fender, Rob', 'Garrappa, Simone', 'Ahumada, Tomas', 'Andreoni, Igor', 'Belicki, Justin', 'Bellm, Eric C.', 'Bottcher, Markus', 'Brinnel, Valery', 'Burruss, Rick', 'Cenko, S. Bradley', 'Coughlin, Michael W.', 'Cunningham, Virginia', 'Drake, Andrew', 'Farrar, Glennys R.', 'Feeney, Michael', 'Foley, Ryan J.', 'Gal-Yam, Avishay', 'Golkhou, V. Zach', 'Goobar, Ariel', 'Graham, Matthew J.', 'Hammerstein, Erica', 'Helou, George', 'Hung, Tiara', 'Kasliwal, Mansi M.', 'Kilpatrick, Charles D.', 'Kong, Albert K. H.', 'Kupfer, Thomas', 'Laher, Russ R.', 'Mahabal, Ashish A.', 'Masci, Frank J.', 'Necker, Jannis', 'Nordin, Jakob', 'Perley, Daniel A.', 'Rigault, Mickael', 'Reusch, Simeon', 'Rodriguez, Hector', 'Rojas-Bravo, Cesar', 'Rusholme, Ben', 'Shupe, David L.', 'Singer, Leo P.', 'Sollerman, Jesper', 'Soumagnac, Maayane T.', 'Stern, Daniel', 'Taggart, Kirsty', 'van Santen, Jakob', 'Ward, Charlotte', 'Woudt, Patrick', 'Yao, Yuhan']",[]
WOS:000615089000001,Studying Online Support for Caregivers of Patients With Alzheimer's Disease in China: A Text-Mining Approach to Online Forum in China,2020,"['Hao, Haijing', 'Levkoff, Sue', 'Wang, Weiguang', 'Zhang, Qiyi', 'Chen, Hongtu', 'Zhu, Dan']","[""Alzheimer's Disease"", 'Caregivers', 'Online Support', 'Text Mining', 'Topic Modeling']"
WOS:000613700100019,HAWKES BINOMIAL TOPIC MODEL WITH APPLICATIONS TO COUPLED CONFLICT-TWITTER DATA,2020,"['Mohler, George', 'McGrath, Erin', 'Buntain, Cody', 'LaFree, Gary']","['Hawkes process', 'dynamic topic model', 'social media', 'elections']"
WOS:000614463600001,Forming Diverse Teams From Sequentially Arriving People,2020,"['Ahmed, Faez', 'Dickerson, John', 'Fuge, Mark']","['collaborative design', 'conceptual design', 'design methodology', 'design teams', 'multidisciplinary design and optimization', 'product development']"
WOS:000615680200001,An RF-PCE Hybrid Surrogate Model for Sensitivity Analysis of Dams,2021,"['Hariri-Ardebili, Mohammad Amin', 'Mahdavi, Golsa', 'Abdollahi, Azam', 'Amini, Ali']","['dams', 'Polynomial Chaos Expansion', 'random fields', 'random forest', 'vibration analysis']"
WOS:000616288900006,Disparities in Medical Debt Among US Adults with Serious Psychological Distress,2020,"['Novak, Priscilla J.', 'Ali, Mir M.', 'Sanmartin, Maria X.']","['medical debt', 'disparities', 'insurance']"
WOS:000613942300018,Viral Hacks of the Plant Vasculature: The Role of Phloem Alterations in Systemic Virus Infection,2020,"['Kappagantu, Madhu', 'Collum, Tamara D.', 'Dardick, Christopher', 'Culver, James N.']","['plasmodesmata', 'tobacco mosaic virus', 'translatome', 'phloem signaling', 'vascular loading']"
WOS:000657320800040,Water-land tradeoffs to meet future demands for sugar crops in Latin America and the Caribbean: A bio-physical and socio-economic nexus perspective,2021,"['Zhong, Honglin', 'Feng, Kuishuang', 'Sun, Laixiang', 'Tian, Zhan', 'Fischer, Gunther', 'Cheng, Li', 'Castillo, Raul Munoz']","['Food-energy-water nexus', 'Tradeoffs analysis', 'Multi-regional input-output analysis', 'Global Agro-Ecological Model', 'Sugar crops']"
WOS:000648998800004,Molecular hydrogen in IllustrisTNG galaxies: carefully comparing signatures of environment with local CO and SFR data,2021,"['Stevens, Adam R. H.', 'Lagos, Claudia del P.', 'Cortese, Luca', 'Catinella, Barbara', 'Diemer, Benedikt', 'Nelson, Dylan', 'Pillepich, Annalisa', 'Hernquist, Lars', 'Marinacci, Federico', 'Vogelsberger, Mark']","['galaxies: evolution', 'galaxies: haloes', 'galaxies: interactions', 'galaxies: ISM', 'galaxies: structure', 'ISM: molecules']"
WOS:000618400100001,The spatial structure debate in spatial interaction modeling: 50 years on,2021,"['Oshan, Taylor M.']","['distance-decay', 'misspecification', 'spatial analysis', 'spatial interaction', 'spatial structure']"
WOS:000612895500001,STARE into the future of GeoData integrative analysis,2022,"['Rilee, Michael L.', 'Kuo, Kwo-Sen', 'Frew, James', 'Gallagher, James', 'Griessbaum, Niklas', 'Neumiller, Kodi', 'Wolfe, Robert E.']","['STARE', 'Big data', 'Geolocation', 'DGGS', 'Data fusion', 'Integration']"
WOS:000613622800005,Polymer-based electrolytes for all-solid-state lithium-sulfur batteries: from fundamental research to performance improvement,2021,"['Hong, Shoukang', 'Wang, Yang', 'Kim, Nam', 'Lee, Sang Bok']",[]
WOS:000615587100007,"Burden of hepatitis B surface antigen sero-prevalence and associated factors among pregnant women receiving antenatal care at a public health institution, southern Ethiopia, 2018: implications for public health prevention",2020,"['Marama, Tinsae', 'Shegaze, Mulugeta', 'Fikadu, Kassahun', 'Yeshitila, Yordanos Gizachew', 'Shibru, Tamiru', 'Memiah, Peter', 'Biresaw, Gelila']","['hepatitis B virus', 'HBsAg seroprevalence', 'pregnant women', 'Ethiopia']"
WOS:000617030900004,Place Matters: A Critical Review of Place Inquiry and Spatial Methods in Education Research,2020,"['Butler, Alisha', 'Sinclair, Kristin A.']",[]
WOS:000613923500041,Magic-angle spinning NMR spectroscopy provides insight into the impact of small molecule uptake by G-quartet hydrogels,2020,"['Reddy, G. N. Manjunatha', 'Peters, Gretchen M.', 'Tatman, Ben P.', 'Rajan, Teena S.', 'Kock, Si Min', 'Zhang, Jing', 'Frenguelli, Bruno G.', 'Davis, Jeffery T.', 'Marsh, Andrew', 'Brown, Steven P.']",[]
WOS:000614612200017,Opioids and the Criminal Justice System: New Challenges Posed by the Modern Opioid Epidemic,2021,"['Caulkins, Jonathan P.', 'Gould, Anne', 'Pardo, Bryce', 'Reuter, Peter', 'Stein, Bradley D.']","['heroin', 'opioids', 'drug policy', 'coerced treatment', 'drug enforcement']"
WOS:000613916900006,Curiosity as end and means,2020,"['Szumowska, Ewa', 'Kruglanski, Arie W.']",[]
WOS:000616372100001,Tracking the Consolidation of US AgricultureJEL codes,2020,"['MacDonald, James M.']","['farm consolidation', 'farm structure', 'industrial agriculture', 'large farms', 'small farms', 'L22', 'Q12']"
WOS:000613502000004,Your success is my motivation,2021,"['Dalmia, Prateik', 'Filiz-Ozbay, Emel']","['Effort choice', 'Feedback', 'Social comparison', 'Risk evaluation', 'Gender']"
WOS:000618828100005,Incomplete Preferences and Equilibrium in Contingent Markets,2020,"['Chambers, Robert', 'Melkonyan, Tigran']",[]
WOS:000618446100006,Scaling GPS trajectories to match point traffic counts: A convex programming approach and Utah case study,2020,"['Miller, Seth', 'Vander Laan, Zachary', 'Markovic, Nikola']","['Trajectory scaling', 'Convex programming', 'Least absolute deviations', 'Data visualization', 'Origin-destination patterns', 'Traffic volumes']"
WOS:000616692500006,The Benefits of Conversational Interviewing Are Independent of Who Asks the Questions or the Types of Questions They Ask,2020,"['Hubbard, Frost A.', 'Conrad, Frederick G.', 'Antoun, Christopher']","['conversational interviewing', 'nonverbal sensitivity', 'measurement error']"
